{
  "reversekittyquick.vibration.loop": {
    "sounds": [
      "itskittyyoutube/reverse_kittyquick/vibration_loop"
    ],
    "category": "player"
      },
      "reversekittyquick.vibration.on": {
        "sounds": [
          "itskittyyoutube/reverse_kittyquick/vibration_on"
        ],
        "category": "player"
      },
      "nano.mask.close": {
        "sounds": [
          "itskittyyoutube/nano_mask/nano_mask_close"
        ],
        "category": "player"
      },
      "nano.mask.close.short": {
        "sounds": [
          "itskittyyoutube/nano_mask/nano_mask_close_short"
        ],
        "category": "player"
      },
      "nano.mask.open": {
        "sounds": [
          "itskittyyoutube/nano_mask/nano_mask_open"
        ],
        "category": "player"
      },
      "nano.mask.open.short": {
        "sounds": [
          "itskittyyoutube/nano_mask/nano_mask_open_short"
        ],
        "category": "player"
      }
    }